{
  "clean": {
    "accuracy": 0.39049881235154393,
    "macro_f1": 0.21057847113484307,
    "ece": 0.07661122979975277,
    "classification_report": {
      "Speed limit (20km/h)": {
        "precision": 0.0,
        "recall": 0.0,
        "f1-score": 0.0,
        "support": 60.0
      },
      "Speed limit (30km/h)": {
        "precision": 0.38226059654631084,
        "recall": 0.6763888888888889,
        "f1-score": 0.4884653961885657,
        "support": 720.0
      },
      "Speed limit (50km/h)": {
        "precision": 0.33383458646616543,
        "recall": 0.296,
        "f1-score": 0.3137809187279152,
        "support": 750.0
      },
      "Speed limit (60km/h)": {
        "precision": 0.20948616600790515,
        "recall": 0.11777777777777777,
        "f1-score": 0.1507823613086771,
        "support": 450.0
      },
      "Speed limit (70km/h)": {
        "precision": 0.14532019704433496,
        "recall": 0.0893939393939394,
        "f1-score": 0.11069418386491557,
        "support": 660.0
      },
      "Speed limit (80km/h)": {
        "precision": 0.2625250501002004,
        "recall": 0.4158730158730159,
        "f1-score": 0.32186732186732187,
        "support": 630.0
      },
      "End of speed limit (80km/h)": {
        "precision": 0.41732283464566927,
        "recall": 0.35333333333333333,
        "f1-score": 0.38267148014440433,
        "support": 150.0
      },
      "Speed limit (100km/h)": {
        "precision": 0.6140350877192983,
        "recall": 0.3111111111111111,
        "f1-score": 0.41297935103244837,
        "support": 450.0
      },
      "Speed limit (120km/h)": {
        "precision": 0.135678391959799,
        "recall": 0.12,
        "f1-score": 0.12735849056603774,
        "support": 450.0
      },
      "No passing": {
        "precision": 0.44813278008298757,
        "recall": 0.225,
        "f1-score": 0.29958391123439665,
        "support": 480.0
      },
      "No passing for vehicles over 3.5 metric tons": {
        "precision": 0.328562134027326,
        "recall": 0.7651515151515151,
        "f1-score": 0.4597177969959035,
        "support": 660.0
      },
      "Right-of-way at the next intersection": {
        "precision": 0.20637119113573407,
        "recall": 0.3547619047619048,
        "f1-score": 0.2609457092819615,
        "support": 420.0
      },
      "Priority road": {
        "precision": 0.6592592592592592,
        "recall": 0.9028985507246376,
        "f1-score": 0.7620795107033639,
        "support": 690.0
      },
      "Yield": {
        "precision": 0.6479591836734694,
        "recall": 0.8819444444444444,
        "f1-score": 0.7470588235294118,
        "support": 720.0
      },
      "Stop": {
        "precision": 0.9937888198757764,
        "recall": 0.5925925925925926,
        "f1-score": 0.7424593967517401,
        "support": 270.0
      },
      "No vehicles": {
        "precision": 0.9310344827586207,
        "recall": 0.12857142857142856,
        "f1-score": 0.22594142259414227,
        "support": 210.0
      },
      "Vehicles over 3.5 metric tons prohibited": {
        "precision": 0.0,
        "recall": 0.0,
        "f1-score": 0.0,
        "support": 150.0
      },
      "No entry": {
        "precision": 0.7428571428571429,
        "recall": 0.7944444444444444,
        "f1-score": 0.7677852348993288,
        "support": 360.0
      },
      "General caution": {
        "precision": 0.24903474903474904,
        "recall": 0.33076923076923076,
        "f1-score": 0.2841409691629956,
        "support": 390.0
      },
      "Dangerous curve to the left": {
        "precision": 0.0,
        "recall": 0.0,
        "f1-score": 0.0,
        "support": 60.0
      },
      "Dangerous curve to the right": {
        "precision": 0.0,
        "recall": 0.0,
        "f1-score": 0.0,
        "support": 90.0
      },
      "Double curve": {
        "precision": 0.0,
        "recall": 0.0,
        "f1-score": 0.0,
        "support": 90.0
      },
      "Bumpy road": {
        "precision": 0.0,
        "recall": 0.0,
        "f1-score": 0.0,
        "support": 120.0
      },
      "Slippery road": {
        "precision": 0.0,
        "recall": 0.0,
        "f1-score": 0.0,
        "support": 150.0
      },
      "Road narrows on the right": {
        "precision": 0.0,
        "recall": 0.0,
        "f1-score": 0.0,
        "support": 90.0
      },
      "Road work": {
        "precision": 0.22664359861591696,
        "recall": 0.27291666666666664,
        "f1-score": 0.24763705103969755,
        "support": 480.0
      },
      "Traffic signals": {
        "precision": 0.05263157894736842,
        "recall": 0.011111111111111112,
        "f1-score": 0.01834862385321101,
        "support": 180.0
      },
      "Pedestrians": {
        "precision": 0.0,
        "recall": 0.0,
        "f1-score": 0.0,
        "support": 60.0
      },
      "Children crossing": {
        "precision": 0.0,
        "recall": 0.0,
        "f1-score": 0.0,
        "support": 150.0
      },
      "Bicycles crossing": {
        "precision": 0.0,
        "recall": 0.0,
        "f1-score": 0.0,
        "support": 90.0
      },
      "Beware of ice/snow": {
        "precision": 0.0,
        "recall": 0.0,
        "f1-score": 0.0,
        "support": 150.0
      },
      "Wild animals crossing": {
        "precision": 0.5371900826446281,
        "recall": 0.24074074074074073,
        "f1-score": 0.33248081841432225,
        "support": 270.0
      },
      "End of all speed and passing limits": {
        "precision": 0.0,
        "recall": 0.0,
        "f1-score": 0.0,
        "support": 60.0
      },
      "Turn right ahead": {
        "precision": 0.35772357723577236,
        "recall": 0.20952380952380953,
        "f1-score": 0.26426426426426425,
        "support": 210.0
      },
      "Turn left ahead": {
        "precision": 0.0,
        "recall": 0.0,
        "f1-score": 0.0,
        "support": 120.0
      },
      "Ahead only": {
        "precision": 0.2222222222222222,
        "recall": 0.37435897435897436,
        "f1-score": 0.27889207258834764,
        "support": 390.0
      },
      "Go straight or right": {
        "precision": 0.0,
        "recall": 0.0,
        "f1-score": 0.0,
        "support": 120.0
      },
      "Go straight or left": {
        "precision": 0.0,
        "recall": 0.0,
        "f1-score": 0.0,
        "support": 60.0
      },
      "Keep right": {
        "precision": 0.5105407882676444,
        "recall": 0.8072463768115942,
        "f1-score": 0.6254912970241437,
        "support": 690.0
      },
      "Keep left": {
        "precision": 0.0,
        "recall": 0.0,
        "f1-score": 0.0,
        "support": 90.0
      },
      "Roundabout mandatory": {
        "precision": 0.4794520547945205,
        "recall": 0.3888888888888889,
        "f1-score": 0.4294478527607362,
        "support": 90.0
      },
      "End of no passing": {
        "precision": 0.0,
        "recall": 0.0,
        "f1-score": 0.0,
        "support": 60.0
      },
      "End of no passing by vehicles over 3.5 metric tons": {
        "precision": 0.0,
        "recall": 0.0,
        "f1-score": 0.0,
        "support": 90.0
      },
      "accuracy": 0.39049881235154393,
      "macro avg": {
        "precision": 0.2347410826958796,
        "recall": 0.22466973827767564,
        "f1-score": 0.21057847113484307,
        "support": 12630.0
      },
      "weighted avg": {
        "precision": 0.34600972430090976,
        "recall": 0.39049881235154393,
        "f1-score": 0.34310127158061887,
        "support": 12630.0
      }
    }
  },
  "calibrated_clean": {
    "accuracy": 0.39049881235154393,
    "macro_f1": 0.21057847113484307,
    "ece": 0.030589516688011416,
    "classification_report": {
      "Speed limit (20km/h)": {
        "precision": 0.0,
        "recall": 0.0,
        "f1-score": 0.0,
        "support": 60.0
      },
      "Speed limit (30km/h)": {
        "precision": 0.38226059654631084,