split,source,accuracy,accuracy_ci_low,accuracy_ci_high,macro_f1
test,clean,0.39049881235154393,0.38155186064924784,0.3986559778305621,0.21057847113484307
