split,source,accuracy,accuracy_ci_low,accuracy_ci_high,macro_f1
test,clean,0.7529691211401425,0.7454453681710214,0.7598594615993666,0.591315361689437
