{
  "clean": {
    "accuracy": 0.7406967537608867,
    "macro_f1": 0.6120664320764293,
    "ece": 0.05339396644681574,
    "classification_report": {
      "Speed limit (20km/h)": {
        "precision": 0.9090909090909091,
        "recall": 0.16666666666666666,
        "f1-score": 0.28169014084507044,
        "support": 60.0
      },
      "Speed limit (30km/h)": {
        "precision": 0.8050734312416555,
        "recall": 0.8375,
        "f1-score": 0.8209666439754936,
        "support": 720.0
      },
      "Speed limit (50km/h)": {
        "precision": 0.6058467741935484,
        "recall": 0.8013333333333333,
        "f1-score": 0.6900114810562572,
        "support": 750.0
      },
      "Speed limit (60km/h)": {
        "precision": 0.8249158249158249,
        "recall": 0.5444444444444444,
        "f1-score": 0.6559571619812584,
        "support": 450.0
      },
      "Speed limit (70km/h)": {
        "precision": 0.8658940397350994,
        "recall": 0.7924242424242425,
        "f1-score": 0.8275316455696202,
        "support": 660.0
      },
      "Speed limit (80km/h)": {
        "precision": 0.6276315789473684,
        "recall": 0.7571428571428571,
        "f1-score": 0.6863309352517986,
        "support": 630.0
      },
      "End of speed limit (80km/h)": {
        "precision": 0.847682119205298,
        "recall": 0.8533333333333334,
        "f1-score": 0.8504983388704319,
        "support": 150.0
      },
      "Speed limit (100km/h)": {
        "precision": 0.7690288713910761,
        "recall": 0.6511111111111111,
        "f1-score": 0.7051744885679904,
        "support": 450.0
      },
      "Speed limit (120km/h)": {
        "precision": 0.6170634920634921,
        "recall": 0.6911111111111111,
        "f1-score": 0.6519916142557652,
        "support": 450.0
      },
      "No passing": {
        "precision": 0.8627906976744186,
        "recall": 0.7729166666666667,
        "f1-score": 0.8153846153846154,
        "support": 480.0
      },
      "No passing for vehicles over 3.5 metric tons": {
        "precision": 0.7976501305483029,
        "recall": 0.9257575757575758,
        "f1-score": 0.8569424964936886,
        "support": 660.0
      },
      "Right-of-way at the next intersection": {
        "precision": 0.748868778280543,
        "recall": 0.7880952380952381,
        "f1-score": 0.7679814385150812,
        "support": 420.0
      },
      "Priority road": {
        "precision": 0.9772727272727273,
        "recall": 0.8724637681159421,
        "f1-score": 0.9218989280245024,
        "support": 690.0
      },
      "Yield": {
        "precision": 0.8852459016393442,
        "recall": 0.975,
        "f1-score": 0.9279576999339062,
        "support": 720.0
      },
      "Stop": {
        "precision": 1.0,
        "recall": 0.8703703703703703,
        "f1-score": 0.9306930693069307,
        "support": 270.0
      },
      "No vehicles": {
        "precision": 0.9315789473684211,
        "recall": 0.8428571428571429,
        "f1-score": 0.885,
        "support": 210.0
      },
      "Vehicles over 3.5 metric tons prohibited": {
        "precision": 1.0,
        "recall": 0.6066666666666667,
        "f1-score": 0.7551867219917012,
        "support": 150.0
      },
      "No entry": {
        "precision": 0.9186440677966101,
        "recall": 0.7527777777777778,
        "f1-score": 0.8274809160305343,
        "support": 360.0
      },
      "General caution": {
        "precision": 0.8006872852233677,
        "recall": 0.5974358974358974,
        "f1-score": 0.684287812041116,
        "support": 390.0
      },
      "Dangerous curve to the left": {
        "precision": 0.1346153846153846,
        "recall": 0.11666666666666667,
        "f1-score": 0.125,
        "support": 60.0
      },
      "Dangerous curve to the right": {
        "precision": 0.2066115702479339,
        "recall": 0.2777777777777778,
        "f1-score": 0.23696682464454977,
        "support": 90.0
      },
      "Double curve": {
        "precision": 0.7021276595744681,
        "recall": 0.36666666666666664,
        "f1-score": 0.48175182481751827,
        "support": 90.0
      },
      "Bumpy road": {
        "precision": 0.6218487394957983,
        "recall": 0.6166666666666667,
        "f1-score": 0.6192468619246861,
        "support": 120.0
      },
      "Slippery road": {
        "precision": 0.4276729559748428,
        "recall": 0.4533333333333333,
        "f1-score": 0.4401294498381877,
        "support": 150.0
      },
      "Road narrows on the right": {
        "precision": 0.7916666666666666,
        "recall": 0.4222222222222222,
        "f1-score": 0.5507246376811594,
        "support": 90.0
      },
      "Road work": {
        "precision": 0.7594254937163375,
        "recall": 0.88125,
        "f1-score": 0.8158148505303761,
        "support": 480.0
      },
      "Traffic signals": {
        "precision": 0.5687732342007435,
        "recall": 0.85,
        "f1-score": 0.6815144766146993,
        "support": 180.0
      },
      "Pedestrians": {
        "precision": 0.3181818181818182,
        "recall": 0.11666666666666667,
        "f1-score": 0.17073170731707318,
        "support": 60.0
      },
      "Children crossing": {
        "precision": 0.5144508670520231,
        "recall": 0.5933333333333334,
        "f1-score": 0.5510835913312694,
        "support": 150.0
      },
      "Bicycles crossing": {
        "precision": 0.8958333333333334,
        "recall": 0.4777777777777778,
        "f1-score": 0.6231884057971014,
        "support": 90.0
      },
      "Beware of ice/snow": {
        "precision": 0.2727272727272727,
        "recall": 0.06,
        "f1-score": 0.09836065573770492,
        "support": 150.0
      },
      "Wild animals crossing": {
        "precision": 0.6994047619047619,
        "recall": 0.8703703703703703,
        "f1-score": 0.7755775577557755,
        "support": 270.0
      },
      "End of all speed and passing limits": {
        "precision": 0.4084507042253521,
        "recall": 0.48333333333333334,
        "f1-score": 0.44274809160305345,
        "support": 60.0
      },
      "Turn right ahead": {
        "precision": 0.5901639344262295,
        "recall": 0.6857142857142857,
        "f1-score": 0.6343612334801763,
        "support": 210.0
      },
      "Turn left ahead": {
        "precision": 0.7325581395348837,
        "recall": 0.525,
        "f1-score": 0.6116504854368932,
        "support": 120.0
      },
      "Ahead only": {
        "precision": 0.5866666666666667,
        "recall": 0.7897435897435897,
        "f1-score": 0.673224043715847,
        "support": 390.0
      },
      "Go straight or right": {
        "precision": 0.4520547945205479,
        "recall": 0.275,
        "f1-score": 0.34196891191709844,
        "support": 120.0
      },
      "Go straight or left": {
        "precision": 1.0,
        "recall": 0.11666666666666667,
        "f1-score": 0.208955223880597,
        "support": 60.0
      },
      "Keep right": {
        "precision": 0.8005390835579514,
        "recall": 0.8608695652173913,
        "f1-score": 0.8296089385474861,
        "support": 690.0
      },
      "Keep left": {
        "precision": 0.4936708860759494,
        "recall": 0.43333333333333335,
        "f1-score": 0.46153846153846156,
        "support": 90.0
      },
      "Roundabout mandatory": {
        "precision": 0.7281553398058253,
        "recall": 0.8333333333333334,
        "f1-score": 0.7772020725388601,
        "support": 90.0
      },
      "End of no passing": {
        "precision": 0.23076923076923078,
        "recall": 0.2,
        "f1-score": 0.21428571428571427,
        "support": 60.0
      },
      "End of no passing by vehicles over 3.5 metric tons": {
        "precision": 0.48484848484848486,
        "recall": 0.35555555555555557,
        "f1-score": 0.41025641025641024,
        "support": 90.0
      },
      "accuracy": 0.7406967537608867,
      "macro avg": {
        "precision": 0.679446106946756,