{
  "clean": {
    "accuracy": 0.5442596991290578,
    "macro_f1": 0.34252236299962974,
    "ece": 0.12953190232552617,
    "classification_report": {
      "Speed limit (20km/h)": {
        "precision": 0.0,
        "recall": 0.0,
        "f1-score": 0.0,
        "support": 60.0
      },
      "Speed limit (30km/h)": {
        "precision": 0.5407685098406748,
        "recall": 0.8013888888888889,
        "f1-score": 0.6457750419697817,
        "support": 720.0
      },
      "Speed limit (50km/h)": {
        "precision": 0.5474137931034483,
        "recall": 0.508,
        "f1-score": 0.5269709543568465,
        "support": 750.0
      },
      "Speed limit (60km/h)": {
        "precision": 0.6345177664974619,
        "recall": 0.2777777777777778,
        "f1-score": 0.38639876352395675,
        "support": 450.0
      },
      "Speed limit (70km/h)": {
        "precision": 0.4509151414309484,
        "recall": 0.4106060606060606,
        "f1-score": 0.42981760507533706,
        "support": 660.0
      },
      "Speed limit (80km/h)": {
        "precision": 0.39060710194730813,
        "recall": 0.5412698412698412,
        "f1-score": 0.4537591483699268,
        "support": 630.0
      },
      "End of speed limit (80km/h)": {
        "precision": 0.46710526315789475,
        "recall": 0.47333333333333333,
        "f1-score": 0.47019867549668876,
        "support": 150.0
      },
      "Speed limit (100km/h)": {
        "precision": 0.5974683544303797,
        "recall": 0.5244444444444445,
        "f1-score": 0.5585798816568047,
        "support": 450.0
      },
      "Speed limit (120km/h)": {
        "precision": 0.37567567567567567,
        "recall": 0.3088888888888889,
        "f1-score": 0.33902439024390246,
        "support": 450.0
      },
      "No passing": {
        "precision": 0.6723646723646723,
        "recall": 0.49166666666666664,
        "f1-score": 0.5679903730445247,
        "support": 480.0
      },
      "No passing for vehicles over 3.5 metric tons": {
        "precision": 0.5269672855879752,
        "recall": 0.9030303030303031,
        "f1-score": 0.6655499720826354,
        "support": 660.0
      },
      "Right-of-way at the next intersection": {
        "precision": 0.3230769230769231,
        "recall": 0.55,
        "f1-score": 0.40704845814977975,
        "support": 420.0
      },
      "Priority road": {
        "precision": 0.8025,
        "recall": 0.9304347826086956,
        "f1-score": 0.8617449664429531,
        "support": 690.0
      },
      "Yield": {
        "precision": 0.7824175824175824,
        "recall": 0.9888888888888889,
        "f1-score": 0.8736196319018404,
        "support": 720.0
      },
      "Stop": {
        "precision": 0.9653465346534653,
        "recall": 0.7222222222222222,
        "f1-score": 0.826271186440678,
        "support": 270.0
      },
      "No vehicles": {
        "precision": 0.79,
        "recall": 0.3761904761904762,
        "f1-score": 0.5096774193548387,
        "support": 210.0
      },
      "Vehicles over 3.5 metric tons prohibited": {
        "precision": 0.828125,
        "recall": 0.35333333333333333,
        "f1-score": 0.4953271028037383,
        "support": 150.0
      },
      "No entry": {
        "precision": 0.8659517426273459,
        "recall": 0.8972222222222223,
        "f1-score": 0.8813096862210096,
        "support": 360.0
      },
      "General caution": {
        "precision": 0.3744075829383886,
        "recall": 0.40512820512820513,
        "f1-score": 0.3891625615763547,
        "support": 390.0
      },
      "Dangerous curve to the left": {
        "precision": 0.0,
        "recall": 0.0,
        "f1-score": 0.0,
        "support": 60.0
      },
      "Dangerous curve to the right": {
        "precision": 0.0,
        "recall": 0.0,
        "f1-score": 0.0,
        "support": 90.0
      },
      "Double curve": {
        "precision": 0.0,
        "recall": 0.0,
        "f1-score": 0.0,
        "support": 90.0
      },
      "Bumpy road": {
        "precision": 0.037037037037037035,
        "recall": 0.008333333333333333,
        "f1-score": 0.013605442176870748,
        "support": 120.0
      },
      "Slippery road": {
        "precision": 0.625,
        "recall": 0.06666666666666667,
        "f1-score": 0.12048192771084337,
        "support": 150.0
      },
      "Road narrows on the right": {
        "precision": 0.0,
        "recall": 0.0,
        "f1-score": 0.0,
        "support": 90.0
      },
      "Road work": {
        "precision": 0.3547646383467279,
        "recall": 0.64375,
        "f1-score": 0.45743893412287195,
        "support": 480.0
      },
      "Traffic signals": {
        "precision": 0.14414414414414414,
        "recall": 0.08888888888888889,
        "f1-score": 0.10996563573883161,
        "support": 180.0
      },
      "Pedestrians": {
        "precision": 0.0,
        "recall": 0.0,
        "f1-score": 0.0,
        "support": 60.0
      },
      "Children crossing": {
        "precision": 1.0,
        "recall": 0.02,
        "f1-score": 0.0392156862745098,
        "support": 150.0
      },
      "Bicycles crossing": {
        "precision": 0.0,
        "recall": 0.0,
        "f1-score": 0.0,
        "support": 90.0
      },
      "Beware of ice/snow": {
        "precision": 0.0,
        "recall": 0.0,
        "f1-score": 0.0,
        "support": 150.0
      },
      "Wild animals crossing": {
        "precision": 0.5111111111111111,
        "recall": 0.42592592592592593,
        "f1-score": 0.46464646464646464,
        "support": 270.0
      },
      "End of all speed and passing limits": {
        "precision": 0.8028169014084507,
        "recall": 0.95,
        "f1-score": 0.8702290076335878,
        "support": 60.0
      },
      "Turn right ahead": {
        "precision": 0.6090225563909775,
        "recall": 0.38571428571428573,
        "f1-score": 0.47230320699708456,
        "support": 210.0
      },
      "Turn left ahead": {
        "precision": 0.0,
        "recall": 0.0,
        "f1-score": 0.0,
        "support": 120.0
      },
      "Ahead only": {
        "precision": 0.3082191780821918,
        "recall": 0.5769230769230769,
        "f1-score": 0.4017857142857143,
        "support": 390.0
      },
      "Go straight or right": {
        "precision": 0.0,
        "recall": 0.0,
        "f1-score": 0.0,
        "support": 120.0
      },
      "Go straight or left": {
        "precision": 0.0,
        "recall": 0.0,
        "f1-score": 0.0,
        "support": 60.0
      },
      "Keep right": {
        "precision": 0.6816239316239316,
        "recall": 0.9246376811594202,
        "f1-score": 0.7847478474784748,
        "support": 690.0
      },
      "Keep left": {
        "precision": 0.0,
        "recall": 0.0,
        "f1-score": 0.0,
        "support": 90.0
      },
      "Roundabout mandatory": {
        "precision": 0.796875,
        "recall": 0.5666666666666667,
        "f1-score": 0.6623376623376623,
        "support": 90.0
      },
      "End of no passing": {
        "precision": 0.0,
        "recall": 0.0,
        "f1-score": 0.0,
        "support": 60.0
      },
      "End of no passing by vehicles over 3.5 metric tons": {
        "precision": 1.0,
        "recall": 0.022222222222222223,
        "f1-score": 0.043478260869565216,
        "support": 90.0
      },
      "accuracy": 0.5442596991290578,
      "macro avg": {
        "precision": 0.4140986843696446,
        "recall": 0.35217569960466827,
        "f1-score": 0.34252236299962974,
        "support": 12630.0
      },
      "weighted avg": {
        "precision": 0.5209552624489069,
        "recall": 0.5442596991290578,
        "f1-score": 0.5036819663182589,
        "support": 12630.0
      }
    }
  },
  "calibrated_clean": {
    "accuracy": 0.5442596991290578,
    "macro_f1": 0.34252236299962974,
    "ece": 0.015517226318140774,
    "classification_report": {
      "Speed limit (20km/h)": {
        "precision": 0.0,
        "recall": 0.0,