split,source,accuracy,accuracy_ci_low,accuracy_ci_high,macro_f1
test,clean,0.5442596991290578,0.5349129057798891,0.5529711005542359,0.34252236299962974
