model,run,pretrained,randaugment_mixup,best_val_accuracy,clean_accuracy,clean_macro_f1,ece_before,ece_after_temperature_scaling
Custom CNN,baseline_cnn,No,No,0.7802802802802803,0.5898653998416469,0.392621989586771,0.101237173448667,0.025142877082313143
Custom CNN + RandAugment/MixUp,baseline_cnn_augmix,No,Yes,0.6609109109109109,0.5442596991290578,0.34252236299962974,0.12953190232552617,0.015517226318140774
ResNet18 + RandAugment/MixUp,resnet18_robust,Yes,Yes,0.9997497497497497,0.9876484560570071,0.983270455398108,0.06361124856148273,0.030373529863329234
