{
  "clean": {
    "accuracy": 0.5898653998416469,
    "macro_f1": 0.392621989586771,
    "ece": 0.101237173448667,
    "classification_report": {
      "Speed limit (20km/h)": {
        "precision": 0.0,
        "recall": 0.0,
        "f1-score": 0.0,
        "support": 60.0
      },
      "Speed limit (30km/h)": {
        "precision": 0.5984251968503937,
        "recall": 0.7388888888888889,
        "f1-score": 0.6612802983219391,
        "support": 720.0
      },
      "Speed limit (50km/h)": {
        "precision": 0.5841968911917098,
        "recall": 0.6013333333333334,
        "f1-score": 0.5926412614980289,
        "support": 750.0
      },
      "Speed limit (60km/h)": {
        "precision": 0.5660377358490566,
        "recall": 0.4,
        "f1-score": 0.46875,
        "support": 450.0
      },
      "Speed limit (70km/h)": {
        "precision": 0.640502354788069,
        "recall": 0.6181818181818182,
        "f1-score": 0.6291441788743254,
        "support": 660.0
      },
      "Speed limit (80km/h)": {
        "precision": 0.39732142857142855,
        "recall": 0.5650793650793651,
        "f1-score": 0.46657929226736566,
        "support": 630.0
      },
      "End of speed limit (80km/h)": {
        "precision": 0.6129032258064516,
        "recall": 0.76,
        "f1-score": 0.6785714285714286,
        "support": 150.0
      },
      "Speed limit (100km/h)": {
        "precision": 0.6571428571428571,
        "recall": 0.5111111111111111,
        "f1-score": 0.575,
        "support": 450.0
      },
      "Speed limit (120km/h)": {
        "precision": 0.38596491228070173,
        "recall": 0.3422222222222222,
        "f1-score": 0.3627797408716137,
        "support": 450.0
      },
      "No passing": {
        "precision": 0.6453900709219859,
        "recall": 0.56875,
        "f1-score": 0.6046511627906976,
        "support": 480.0
      },
      "No passing for vehicles over 3.5 metric tons": {
        "precision": 0.6058091286307054,
        "recall": 0.8848484848484849,
        "f1-score": 0.7192118226600985,
        "support": 660.0
      },
      "Right-of-way at the next intersection": {
        "precision": 0.455026455026455,
        "recall": 0.6142857142857143,
        "f1-score": 0.5227963525835866,
        "support": 420.0
      },
      "Priority road": {
        "precision": 0.9157733537519143,
        "recall": 0.8666666666666667,
        "f1-score": 0.8905435591958303,
        "support": 690.0
      },
      "Yield": {
        "precision": 0.8541409147095179,
        "recall": 0.9597222222222223,
        "f1-score": 0.9038587311968607,
        "support": 720.0
      },
      "Stop": {
        "precision": 1.0,
        "recall": 0.8037037037037037,
        "f1-score": 0.891170431211499,
        "support": 270.0
      },
      "No vehicles": {
        "precision": 0.8854166666666666,
        "recall": 0.40476190476190477,
        "f1-score": 0.5555555555555556,
        "support": 210.0
      },
      "Vehicles over 3.5 metric tons prohibited": {
        "precision": 0.9325842696629213,
        "recall": 0.5533333333333333,
        "f1-score": 0.694560669456067,
        "support": 150.0
      },
      "No entry": {
        "precision": 0.9183673469387755,
        "recall": 0.75,
        "f1-score": 0.8256880733944955,
        "support": 360.0
      },
      "General caution": {
        "precision": 0.45429362880886426,
        "recall": 0.4205128205128205,
        "f1-score": 0.4367509986684421,
        "support": 390.0
      },
      "Dangerous curve to the left": {
        "precision": 0.0,
        "recall": 0.0,
        "f1-score": 0.0,
        "support": 60.0
      },
      "Dangerous curve to the right": {
        "precision": 0.0,
        "recall": 0.0,
        "f1-score": 0.0,
        "support": 90.0
      },
      "Double curve": {
        "precision": 0.06666666666666667,
        "recall": 0.022222222222222223,
        "f1-score": 0.03333333333333333,
        "support": 90.0
      },
      "Bumpy road": {
        "precision": 0.1796875,
        "recall": 0.19166666666666668,
        "f1-score": 0.18548387096774194,
        "support": 120.0
      },
      "Slippery road": {
        "precision": 0.2087912087912088,
        "recall": 0.12666666666666668,
        "f1-score": 0.15767634854771784,
        "support": 150.0
      },
      "Road narrows on the right": {
        "precision": 1.0,
        "recall": 0.07777777777777778,
        "f1-score": 0.14432989690721648,
        "support": 90.0
      },
      "Road work": {
        "precision": 0.47580645161290325,
        "recall": 0.7375,
        "f1-score": 0.5784313725490197,
        "support": 480.0
      },
      "Traffic signals": {
        "precision": 0.40865384615384615,
        "recall": 0.4722222222222222,
        "f1-score": 0.4381443298969072,
        "support": 180.0
      },
      "Pedestrians": {
        "precision": 0.0,
        "recall": 0.0,
        "f1-score": 0.0,
        "support": 60.0
      },
      "Children crossing": {
        "precision": 0.23529411764705882,
        "recall": 0.05333333333333334,
        "f1-score": 0.08695652173913043,
        "support": 150.0
      },
      "Bicycles crossing": {
        "precision": 0.0,
        "recall": 0.0,
        "f1-score": 0.0,
        "support": 90.0
      },
      "Beware of ice/snow": {
        "precision": 0.047619047619047616,
        "recall": 0.013333333333333334,
        "f1-score": 0.020833333333333332,
        "support": 150.0
      },
      "Wild animals crossing": {
        "precision": 0.5216346153846154,
        "recall": 0.8037037037037037,
        "f1-score": 0.6326530612244898,
        "support": 270.0
      },
      "End of all speed and passing limits": {
        "precision": 0.40350877192982454,
        "recall": 0.7666666666666667,
        "f1-score": 0.5287356321839081,
        "support": 60.0
      },
      "Turn right ahead": {
        "precision": 0.24468085106382978,
        "recall": 0.10952380952380952,
        "f1-score": 0.1513157894736842,
        "support": 210.0
      },
      "Turn left ahead": {
        "precision": 0.34408602150537637,
        "recall": 0.26666666666666666,
        "f1-score": 0.3004694835680751,
        "support": 120.0
      },
      "Ahead only": {
        "precision": 0.4272608125819135,
        "recall": 0.8358974358974359,
        "f1-score": 0.5654813529921943,
        "support": 390.0
      },
      "Go straight or right": {
        "precision": 0.0,
        "recall": 0.0,
        "f1-score": 0.0,
        "support": 120.0
      },
      "Go straight or left": {
        "precision": 0.0,
        "recall": 0.0,
        "f1-score": 0.0,
        "support": 60.0
      },
      "Keep right": {
        "precision": 0.7535121328224776,
        "recall": 0.855072463768116,
        "f1-score": 0.8010862186014935,
        "support": 690.0
      },
      "Keep left": {
        "precision": 0.05128205128205128,
        "recall": 0.022222222222222223,
        "f1-score": 0.031007751937984496,
        "support": 90.0
      },
      "Roundabout mandatory": {
        "precision": 0.6428571428571429,
        "recall": 0.7,
        "f1-score": 0.6702127659574468,
        "support": 90.0
      },
      "End of no passing": {
        "precision": 0.16666666666666666,
        "recall": 0.03333333333333333,
        "f1-score": 0.05555555555555555,
        "support": 60.0
      },
      "End of no passing by vehicles over 3.5 metric tons": {
        "precision": 0.3333333333333333,
        "recall": 0.011111111111111112,
        "f1-score": 0.021505376344086023,
        "support": 90.0
      },
      "accuracy": 0.5898653998416469,
      "macro avg": {
        "precision": 0.43303808547712647,
        "recall": 0.40610049358760186,
        "f1-score": 0.392621989586771,
        "support": 12630.0
      },
      "weighted avg": {
        "precision": 0.5660596915149205,
        "recall": 0.5898653998416469,
        "f1-score": 0.5613550472100363,