split,source,accuracy,accuracy_ci_low,accuracy_ci_high,macro_f1
test,clean,0.5898653998416469,0.580678939034046,0.5984956452889945,0.392621989586771
