{
  "clean": {
    "accuracy": 0.19208234362628662,
    "macro_f1": 0.06020928827980971,
    "ece": 0.043069706988164744,
    "classification_report": {
      "Speed limit (20km/h)": {
        "precision": 0.0,
        "recall": 0.0,
        "f1-score": 0.0,
        "support": 60.0
      },
      "Speed limit (30km/h)": {
        "precision": 0.16652286453839515,
        "recall": 0.5361111111111111,
        "f1-score": 0.25411454904542463,
        "support": 720.0
      },
      "Speed limit (50km/h)": {
        "precision": 0.10363311494937463,
        "recall": 0.232,
        "f1-score": 0.1432688349114862,
        "support": 750.0
      },
      "Speed limit (60km/h)": {
        "precision": 0.027777777777777776,
        "recall": 0.0022222222222222222,
        "f1-score": 0.00411522633744856,
        "support": 450.0
      },
      "Speed limit (70km/h)": {
        "precision": 0.009523809523809525,
        "recall": 0.0030303030303030303,
        "f1-score": 0.004597701149425287,
        "support": 660.0
      },
      "Speed limit (80km/h)": {
        "precision": 0.14909090909090908,
        "recall": 0.13015873015873017,
        "f1-score": 0.13898305084745763,
        "support": 630.0
      },
      "End of speed limit (80km/h)": {
        "precision": 0.0,
        "recall": 0.0,
        "f1-score": 0.0,
        "support": 150.0
      },
      "Speed limit (100km/h)": {
        "precision": 0.0,
        "recall": 0.0,
        "f1-score": 0.0,
        "support": 450.0
      },
      "Speed limit (120km/h)": {
        "precision": 0.027777777777777776,
        "recall": 0.008888888888888889,
        "f1-score": 0.013468013468013467,
        "support": 450.0
      },
      "No passing": {
        "precision": 0.0,
        "recall": 0.0,
        "f1-score": 0.0,
        "support": 480.0
      },
      "No passing for vehicles over 3.5 metric tons": {
        "precision": 0.15082159624413147,
        "recall": 0.7787878787878788,
        "f1-score": 0.2527040314650934,
        "support": 660.0
      },
      "Right-of-way at the next intersection": {
        "precision": 0.0,
        "recall": 0.0,
        "f1-score": 0.0,
        "support": 420.0
      },
      "Priority road": {
        "precision": 0.33604336043360433,
        "recall": 0.7188405797101449,
        "f1-score": 0.4579870729455217,
        "support": 690.0
      },
      "Yield": {
        "precision": 0.061224489795918366,
        "recall": 0.016666666666666666,
        "f1-score": 0.026200873362445413,
        "support": 720.0
      },
      "Stop": {
        "precision": 0.31016042780748665,
        "recall": 0.21481481481481482,
        "f1-score": 0.2538293216630197,
        "support": 270.0
      },
      "No vehicles": {
        "precision": 0.0,
        "recall": 0.0,
        "f1-score": 0.0,
        "support": 210.0
      },
      "Vehicles over 3.5 metric tons prohibited": {
        "precision": 0.0,
        "recall": 0.0,
        "f1-score": 0.0,
        "support": 150.0
      },
      "No entry": {
        "precision": 0.432183908045977,
        "recall": 0.5222222222222223,
        "f1-score": 0.4729559748427673,
        "support": 360.0
      },
      "General caution": {
        "precision": 0.0,
        "recall": 0.0,
        "f1-score": 0.0,
        "support": 390.0
      },
      "Dangerous curve to the left": {
        "precision": 0.0,
        "recall": 0.0,
        "f1-score": 0.0,
        "support": 60.0
      },
      "Dangerous curve to the right": {
        "precision": 0.0,
        "recall": 0.0,
        "f1-score": 0.0,
        "support": 90.0
      },
      "Double curve": {
        "precision": 0.0,
        "recall": 0.0,
        "f1-score": 0.0,
        "support": 90.0
      },
      "Bumpy road": {
        "precision": 0.0,
        "recall": 0.0,
        "f1-score": 0.0,
        "support": 120.0
      },
      "Slippery road": {
        "precision": 0.0,
        "recall": 0.0,
        "f1-score": 0.0,
        "support": 150.0
      },
      "Road narrows on the right": {
        "precision": 0.0,
        "recall": 0.0,
        "f1-score": 0.0,
        "support": 90.0
      },
      "Road work": {
        "precision": 0.0,
        "recall": 0.0,
        "f1-score": 0.0,
        "support": 480.0
      },
      "Traffic signals": {
        "precision": 0.0,
        "recall": 0.0,
        "f1-score": 0.0,
        "support": 180.0
      },
      "Pedestrians": {
        "precision": 0.0,
        "recall": 0.0,
        "f1-score": 0.0,
        "support": 60.0
      },
      "Children crossing": {
        "precision": 0.0,
        "recall": 0.0,
        "f1-score": 0.0,
        "support": 150.0
      },
      "Bicycles crossing": {
        "precision": 0.0,
        "recall": 0.0,
        "f1-score": 0.0,
        "support": 90.0
      },
      "Beware of ice/snow": {
        "precision": 0.0,
        "recall": 0.0,
        "f1-score": 0.0,
        "support": 150.0
      },
      "Wild animals crossing": {
        "precision": 0.0,
        "recall": 0.0,
        "f1-score": 0.0,
        "support": 270.0
      },
      "End of all speed and passing limits": {
        "precision": 0.0,
        "recall": 0.0,
        "f1-score": 0.0,
        "support": 60.0
      },
      "Turn right ahead": {
        "precision": 0.0,
        "recall": 0.0,
        "f1-score": 0.0,
        "support": 210.0
      },
      "Turn left ahead": {
        "precision": 0.0,
        "recall": 0.0,
        "f1-score": 0.0,
        "support": 120.0
      },
      "Ahead only": {
        "precision": 0.12897526501766785,
        "recall": 0.18717948717948718,
        "f1-score": 0.15271966527196654,
        "support": 390.0
      },
      "Go straight or right": {
        "precision": 0.0,
        "recall": 0.0,
        "f1-score": 0.0,
        "support": 120.0
      },
      "Go straight or left": {
        "precision": 0.0,
        "recall": 0.0,
        "f1-score": 0.0,
        "support": 60.0
      },
      "Keep right": {
        "precision": 0.307909604519774,
        "recall": 0.6318840579710145,
        "f1-score": 0.4140550807217474,
        "support": 690.0
      },
      "Keep left": {
        "precision": 0.0,
        "recall": 0.0,
        "f1-score": 0.0,
        "support": 90.0
      },
      "Roundabout mandatory": {
        "precision": 0.0,
        "recall": 0.0,
        "f1-score": 0.0,
        "support": 90.0
      },
      "End of no passing": {
        "precision": 0.0,
        "recall": 0.0,
        "f1-score": 0.0,
        "support": 60.0
      },
      "End of no passing by vehicles over 3.5 metric tons": {
        "precision": 0.0,
        "recall": 0.0,
        "f1-score": 0.0,
        "support": 90.0
      },
      "accuracy": 0.19208234362628662,
      "macro avg": {
        "precision": 0.05143360245401403,
        "recall": 0.0926234177386857,
        "f1-score": 0.06020928827980971,
        "support": 12630.0
      },
      "weighted avg": {
        "precision": 0.09504478174553802,
        "recall": 0.19208234362628662,
        "f1-score": 0.1167567281922497,
        "support": 12630.0
      }
    }
  },
  "calibrated_clean": {
    "accuracy": 0.19208234362628662,
    "macro_f1": 0.06020928827980971,
    "ece": 0.033195796944584424,
    "classification_report": {
      "Speed limit (20km/h)": {
        "precision": 0.0,
        "recall": 0.0,
        "f1-score": 0.0,
        "support": 60.0
      },
      "Speed limit (30km/h)": {
        "precision": 0.16652286453839515,
        "recall": 0.5361111111111111,
        "f1-score": 0.25411454904542463,
        "support": 720.0
      },
      "Speed limit (50km/h)": {
        "precision": 0.10363311494937463,
        "recall": 0.232,
        "f1-score": 0.1432688349114862,
        "support": 750.0
      },
      "Speed limit (60km/h)": {
        "precision": 0.027777777777777776,
        "recall": 0.0022222222222222222,
        "f1-score": 0.00411522633744856,
        "support": 450.0
      },