split,source,accuracy,accuracy_ci_low,accuracy_ci_high,macro_f1
test,clean,0.19208234362628662,0.185110847189232,0.19873515439429928,0.06020928827980971
